pair,stage,status,matches,grid_cells,grid_coverage,match_density_per_cell,coverage_percentage,uniformity_score,inlier_ratio_3px,rmse_gt_px
ctl_OHRC_to_TMC-2,before_anms,ok,206,64,0.671875,3.22,67.2,0.44129247572815533,0.9514563106796117,0.635543704032898
ctl_OHRC_to_TMC-2,after_anms,ok,110,64,0.65625,1.72,65.6,0.4963068181818182,0.9181818181818182,0.6414868235588074
ctl_OHRC_to_LRO NAC,before_anms,ok,355,64,0.703125,5.55,70.3,0.47689260563380287,0.9661971830985916,0.32051733136177063
ctl_OHRC_to_LRO NAC,after_anms,ok,156,64,0.6875,2.44,68.8,0.5108173076923077,0.9615384615384616,0.3196711838245392
ctl_OHRC_to_IIRS,before_anms,ok,195,64,0.6875,3.05,68.8,0.43934294871794877,0.8974358974358975,0.8028412461280823
ctl_OHRC_to_IIRS,after_anms,ok,111,64,0.6875,1.73,68.8,0.49507319819819817,0.8918918918918919,0.8096314668655396
ctl_TMC-2_to_LRO NAC,before_anms,ok,743,64,1.0,11.61,100.0,0.7177195491251682,0.9488559892328399,0.23924541473388672
ctl_TMC-2_to_LRO NAC,after_anms,ok,232,64,1.0,3.62,100.0,0.76171875,0.9181034482758621,0.23928400874137878
ctl_TMC-2_to_TMC-2,before_anms,ok,427,64,0.90625,6.67,90.6,0.5676595433255269,0.9718969555035128,0.2568601071834564
ctl_TMC-2_to_TMC-2,after_anms,ok,148,64,0.859375,2.31,85.9,0.644847972972973,0.9391891891891891,0.2555667757987976
ctl_TMC-2_to_IIRS,before_anms,ok,601,64,1.0,9.39,100.0,0.6452527038269551,0.9816971713810316,0.27073365449905396
ctl_TMC-2_to_IIRS,after_anms,ok,182,64,1.0,2.84,100.0,0.7166895604395604,0.9725274725274725,0.2699977457523346
