# localization summary: {"queries": 55, "median_error_m": 466.4, "mean_error_m": 28048.5, "p90_error_m": 67827.8, "within_1km": 0.545, "within_10km": 0.727, "chance_median_m": 87773.7, "localization_gain": 188.2}
# calibration (median error by retrieval-similarity band): [{"similarity_band": ">=0.95", "queries": 26, "median_error_m": 1736.0}, {"similarity_band": "0.90-0.95", "queries": 28, "median_error_m": 310.9}, {"similarity_band": "0.80-0.90", "queries": 1, "median_error_m": 155.5}]
query,sensor,true_lat,true_lon,pred_lat,pred_lon,retrieval_similarity,error_m,pred_patch
TMC-2_ch2_tmc_ncf_20211122T1925079181_d_img_d18_10752_00000,TMC-2,-47.241311,350.03286,-47.058023,348.984676,0.952997624874115,22319.0,TMC-2_ch2_tmc_ncf_20211122T2123225722_d_img_d18_07424_00000
IIRS_ch2_iir_nri_20240124T1430209615_d_img_d18_12160_00000,IIRS,-44.998693,346.003067,-44.988439,346.003067,0.9167212247848511,310.9,IIRS_ch2_iir_nri_20240124T1430209615_d_img_d18_11904_00000
TMC-2_ch2_tmc_ncn_20211123T0119537815_d_img_d18_02816_00000,TMC-2,-45.078968,346.880081,-45.257269,350.030301,0.9528016448020935,67560.4,TMC-2_ch2_tmc_ncn_20211122T1925079214_d_img_d18_01792_00000
TMC-2_ch2_tmc_ncn_20211122T1925079214_d_img_d18_08832_00000,TMC-2,-45.539253,350.030301,-45.534126,350.030301,0.9464666843414307,155.5,TMC-2_ch2_tmc_ncn_20211122T1925079214_d_img_d18_08704_00000
TMC-2_ch2_tmc_ncn_20211122T1925079214_d_img_d18_09600_00000,TMC-2,-45.570014,350.030301,-45.482856,350.030301,0.9430948495864868,2642.9,TMC-2_ch2_tmc_ncn_20211122T1925079214_d_img_d18_07424_00000
TMC-2_ch2_tmc_nca_20240124T0838058366_d_img_d18_11520_00000,TMC-2,-44.910152,349.158636,-47.216959,348.984676,0.9579427242279053,70045.8,TMC-2_ch2_tmc_ncf_20211122T2123225722_d_img_d18_11392_00000
IIRS_ch2_iir_nri_20210126T1349194455_d_img_d32_00128_00000,IIRS,-22.335326,347.235783,-44.90128,346.003067,0.9137527942657471,684961.5,IIRS_ch2_iir_nri_20240124T1430209615_d_img_d18_09728_00000
TMC-2_ch2_tmc_nca_20240124T0838058366_d_img_d18_11008_00000,TMC-2,-44.891597,349.158636,-47.222086,348.984676,0.9510694146156311,70762.9,TMC-2_ch2_tmc_ncf_20211122T2123225722_d_img_d18_11520_00000
TMC-2_ch2_tmc_ncn_20211122T1925079214_d_img_d18_06144_00000,TMC-2,-45.431586,350.030301,-45.217396,346.880081,0.9508944749832153,67471.8,TMC-2_ch2_tmc_ncn_20211123T0119537815_d_img_d18_06272_00000
TMC-2_ch2_tmc_ncf_20211122T2321361810_d_img_d18_10624_00000,TMC-2,-47.183676,347.935328,-47.178549,347.935328,0.9593533277511597,155.5,TMC-2_ch2_tmc_ncf_20211122T2321361810_d_img_d18_10496_00000
IIRS_ch2_iir_nri_20210126T1349194455_d_img_d32_03584_00000,IIRS,-22.437502,347.235783,-22.433718,347.235783,0.9405080080032349,114.7,IIRS_ch2_iir_nri_20210126T1349194455_d_img_d32_03456_00000
IIRS_ch2_iir_nri_20240124T1430209615_d_img_d18_05632_00000,IIRS,-44.737217,346.003067,-44.726963,346.003067,0.9339014291763306,310.9,IIRS_ch2_iir_nri_20240124T1430209615_d_img_d18_05376_00000
IIRS_ch2_iir_nri_20210126T1349194455_d_img_d32_09472_00000,IIRS,-22.61158,347.235783,-22.604011,347.235783,0.9314601421356201,229.5,IIRS_ch2_iir_nri_20210126T1349194455_d_img_d32_09216_00000
IIRS_ch2_iir_nri_20240124T1430209615_d_img_d18_07296_00000,IIRS,-44.803868,346.003067,-44.793614,346.003067,0.9279463291168213,310.9,IIRS_ch2_iir_nri_20240124T1430209615_d_img_d18_07040_00000
TMC-2_ch2_tmc_nca_20240124T0838058366_d_img_d18_03456_00000,TMC-2,-44.617915,349.158636,-44.585444,349.158636,0.9736367464065552,984.6,TMC-2_ch2_tmc_nca_20240124T0838058366_d_img_d18_02560_00000
IIRS_ch2_iir_nri_20240124T1430209615_d_img_d18_02560_00000,IIRS,-44.61417,346.003067,-44.706455,346.003067,0.93007493019104,2798.4,IIRS_ch2_iir_nri_20240124T1430209615_d_img_d18_04864_00000
TMC-2_ch2_tmc_ncf_20260701T0716265753_d_img_d18_06642_00000,TMC-2,-38.875197,346.881742,-38.866934,346.881742,0.9405206441879272,250.6,TMC-2_ch2_tmc_ncf_20260701T0716265753_d_img_d18_06528_00000
TMC-2_ch2_tmc_nca_20240124T0838058366_d_img_d18_11392_00000,TMC-2,-44.905513,349.158636,-47.23234,348.984676,0.9470480680465698,70652.0,TMC-2_ch2_tmc_ncf_20211122T2123225722_d_img_d18_11776_00000
TMC-2_ch2_tmc_ncn_20211123T0119537815_d_img_d18_04352_00000,TMC-2,-45.140492,346.880081,-45.155872,346.880081,0.9301307201385498,466.4,TMC-2_ch2_tmc_ncn_20211123T0119537815_d_img_d18_04736_00000
TMC-2_ch2_tmc_ncn_20211122T1925079214_d_img_d18_03584_00000,TMC-2,-45.329047,350.030301,-45.426459,350.030301,0.9632124304771423,2953.9,TMC-2_ch2_tmc_ncn_20211122T1925079214_d_img_d18_06016_00000
IIRS_ch2_iir_nri_20240124T1430209615_d_img_d18_07168_00000,IIRS,-44.798741,346.003067,-44.793614,346.003067,0.9360660314559937,155.5,IIRS_ch2_iir_nri_20240124T1430209615_d_img_d18_07040_00000
IIRS_ch2_iir_nri_20210126T1349194455_d_img_d32_09600_00000,IIRS,-22.615364,347.235783,-22.619148,347.235783,0.9493671655654907,114.7,IIRS_ch2_iir_nri_20210126T1349194455_d_img_d32_09728_00000
TMC-2_ch2_tmc_ncf_20260701T0716265753_d_img_d18_03712_00000,TMC-2,-38.662817,346.881742,-38.514368,346.881742,0.9353765249252319,4501.5,TMC-2_ch2_tmc_ncf_20260701T0716265753_d_img_d18_01664_00000
TMC-2_ch2_tmc_ncf_20211122T2123225722_d_img_d18_05888_00000,TMC-2,-46.996499,348.984676,-44.757075,349.158636,0.9431196451187134,68006.0,TMC-2_ch2_tmc_nca_20240124T0838058366_d_img_d18_07296_00000
TMC-2_ch2_tmc_ncf_20211122T2123225722_d_img_d18_09856_00000,TMC-2,-47.155435,348.984676,-47.222086,348.984676,0.9473939538002014,2021.1,TMC-2_ch2_tmc_ncf_20211122T2123225722_d_img_d18_11520_00000
IIRS_ch2_iir_nri_20210126T1349194455_d_img_d32_13696_00000,IIRS,-22.736462,347.235783,-22.728893,347.235783,0.9555988311767578,229.5,IIRS_ch2_iir_nri_20210126T1349194455_d_img_d32_13440_00000
IIRS_ch2_iir_nri_20240124T1430209615_d_img_d18_09344_00000,IIRS,-44.885899,346.003067,-44.891026,346.003067,0.9134527444839478,155.5,IIRS_ch2_iir_nri_20240124T1430209615_d_img_d18_09472_00000
IIRS_ch2_iir_nri_20210126T1349194455_d_img_d32_13056_00000,IIRS,-22.71754,347.235783,-22.721324,347.235783,0.9719165563583374,114.7,IIRS_ch2_iir_nri_20210126T1349194455_d_img_d32_13184_00000
TMC-2_ch2_tmc_ncf_20211122T2321361810_d_img_d18_02688_00000,TMC-2,-46.865804,347.935328,-45.564887,350.030301,0.9500664472579956,59058.7,TMC-2_ch2_tmc_ncn_20211122T1925079214_d_img_d18_09472_00000
TMC-2_ch2_tmc_ncf_20260701T0716265753_d_img_d18_04608_00000,TMC-2,-38.727763,346.881742,-38.718485,346.881742,0.9288263320922852,281.3,TMC-2_ch2_tmc_ncf_20260701T0716265753_d_img_d18_04480_00000
IIRS_ch2_iir_nri_20240124T1430209615_d_img_d18_00768_00000,IIRS,-44.542392,346.003067,-44.537265,346.003067,0.8792955875396729,155.5,IIRS_ch2_iir_nri_20240124T1430209615_d_img_d18_00640_00000
TMC-2_ch2_tmc_ncf_20211122T2123225722_d_img_d18_11392_00000,TMC-2,-47.216959,348.984676,-44.914791,349.158636,0.9619215130805969,69905.3,TMC-2_ch2_tmc_nca_20240124T0838058366_d_img_d18_11648_00000
TMC-2_ch2_tmc_ncn_20211122T1925079214_d_img_d18_08576_00000,TMC-2,-45.528999,350.030301,-47.097756,350.03286,0.9371515512466431,47570.0,TMC-2_ch2_tmc_ncf_20211122T1925079181_d_img_d18_07168_00000
TMC-2_ch2_tmc_ncn_20211123T0119537815_d_img_d18_06784_00000,TMC-2,-45.237904,346.880081,-46.858071,348.984676,0.9522404670715332,66143.0,TMC-2_ch2_tmc_ncf_20211122T2123225722_d_img_d18_02432_00000
TMC-2_ch2_tmc_nca_20240124T0838058366_d_img_d18_09984_00000,TMC-2,-44.854488,349.158636,-44.849849,349.158636,0.9129133820533752,140.7,TMC-2_ch2_tmc_nca_20240124T0838058366_d_img_d18_09856_00000
TMC-2_ch2_tmc_ncf_20211122T1925079181_d_img_d18_05888_00000,TMC-2,-47.046486,350.03286,-45.216253,350.030301,0.9594828486442566,55498.8,TMC-2_ch2_tmc_ncn_20211122T1925079214_d_img_d18_00768_00000
TMC-2_ch2_tmc_ncf_20211122T2321361810_d_img_d18_12160_00000,TMC-2,-47.2452,347.935328,-47.247883,347.935328,0.9528141021728516,81.4,TMC-2_ch2_tmc_ncf_20211122T2321361810_d_img_d18_12227_00000
TMC-2_ch2_tmc_ncf_20211122T1925079181_d_img_d18_09856_00000,TMC-2,-47.205423,350.03286,-47.21055,350.03286,0.9403017163276672,155.5,TMC-2_ch2_tmc_ncf_20211122T1925079181_d_img_d18_09984_00000
IIRS_ch2_iir_nri_20210126T1349194455_d_img_d32_12288_00000,IIRS,-22.694834,347.235783,-22.71754,347.235783,0.9671182036399841,688.5,IIRS_ch2_iir_nri_20210126T1349194455_d_img_d32_13056_00000
TMC-2_ch2_tmc_ncf_20211122T2321361810_d_img_d18_08320_00000,TMC-2,-47.09139,347.935328,-47.096517,347.935328,0.9395005702972412,155.5,TMC-2_ch2_tmc_ncf_20211122T2321361810_d_img_d18_08448_00000
TMC-2_ch2_tmc_nca_20240124T0838058366_d_img_d18_12288_00000,TMC-2,-44.937984,349.158636,-44.933345,349.158636,0.9516446590423584,140.7,TMC-2_ch2_tmc_nca_20240124T0838058366_d_img_d18_12160_00000
TMC-2_ch2_tmc_ncf_20260701T0716265753_d_img_d18_01024_00000,TMC-2,-38.467978,346.881742,-38.653539,346.881742,0.9145094752311707,5626.8,TMC-2_ch2_tmc_ncf_20260701T0716265753_d_img_d18_03584_00000
IIRS_ch2_iir_nri_20210126T1349194455_d_img_d32_05504_00000,IIRS,-22.494267,347.235783,-22.619148,347.235783,0.9624804854393005,3786.8,IIRS_ch2_iir_nri_20210126T1349194455_d_img_d32_09728_00000
OHRC_ch2_ohr_ncp_20251010T0942085687_d_img_d18_00768_00000,OHRC,-89.521255,274.298085,-89.492754,209.628123,0.9293064475059509,16008.3,OHRC_ch2_ohr_ncp_20241115T1525004388_d_img_d18_00640_00000
TMC-2_ch2_tmc_ncn_20211122T1925079214_d_img_d18_00384_00000,TMC-2,-45.200872,350.030301,-45.205999,350.030301,0.9533746242523193,155.5,TMC-2_ch2_tmc_ncn_20211122T1925079214_d_img_d18_00512_00000
TMC-2_ch2_tmc_ncf_20211122T2123225722_d_img_d18_11904_00000,TMC-2,-47.237467,348.984676,-47.242594,348.984676,0.9688414335250854,155.5,TMC-2_ch2_tmc_ncf_20211122T2123225722_d_img_d18_12032_00000
IIRS_ch2_iir_nri_20240124T1430209615_d_img_d18_02944_00000,IIRS,-44.629551,346.003067,-44.634678,346.003067,0.9308940172195435,155.5,IIRS_ch2_iir_nri_20240124T1430209615_d_img_d18_03072_00000
TMC-2_ch2_tmc_ncf_20260701T0716265753_d_img_d18_01920_00000,TMC-2,-38.532924,346.881742,-38.523646,346.881742,0.9174640774726868,281.3,TMC-2_ch2_tmc_ncf_20260701T0716265753_d_img_d18_01792_00000
TMC-2_ch2_tmc_ncn_20211123T0119537815_d_img_d18_12032_00000,TMC-2,-45.44811,346.880081,-45.314809,346.880081,0.9573540091514587,4042.1,TMC-2_ch2_tmc_ncn_20211123T0119537815_d_img_d18_08704_00000
TMC-2_ch2_tmc_ncn_20211122T1925079214_d_img_d18_04864_00000,TMC-2,-45.380316,350.030301,-45.395697,350.030301,0.9566671848297119,466.4,TMC-2_ch2_tmc_ncn_20211122T1925079214_d_img_d18_05248_00000
TMC-2_ch2_tmc_nca_20240124T0838058366_d_img_d18_10496_00000,TMC-2,-44.873042,349.158636,-44.877681,349.158636,0.9527485370635986,140.7,TMC-2_ch2_tmc_nca_20240124T0838058366_d_img_d18_10624_00000
TMC-2_ch2_tmc_nca_20240124T0838058366_d_img_d18_10368_00000,TMC-2,-44.868404,349.158636,-44.914791,349.158636,0.9544682502746582,1406.6,TMC-2_ch2_tmc_nca_20240124T0838058366_d_img_d18_11648_00000
TMC-2_ch2_tmc_ncn_20211122T1925079214_d_img_d18_02688_00000,TMC-2,-45.293158,350.030301,-45.125111,346.880081,0.9446435570716858,67487.8,TMC-2_ch2_tmc_ncn_20211123T0119537815_d_img_d18_03968_00000
TMC-2_ch2_tmc_ncf_20211122T2123225722_d_img_d18_01280_00000,TMC-2,-46.811928,348.984676,-46.806801,348.984676,0.951663613319397,155.5,TMC-2_ch2_tmc_ncf_20211122T2123225722_d_img_d18_01152_00000
IIRS_ch2_iir_nri_20210126T1349194455_d_img_d32_11264_00000,IIRS,-22.66456,347.235783,-22.596443,347.235783,0.9658294916152954,2065.5,IIRS_ch2_iir_nri_20210126T1349194455_d_img_d32_08960_00000
