query,sensor,top1_sim,top1_hit_same_source,top1_hit_cross_sensor,geo_top1_deg
TMC-2_ch2_tmc_ncf_20211122T1925079181_d_img_d18_10752_00000,TMC-2,0.952997624874115,False,False,1.0640884309116907
IIRS_ch2_iir_nri_20240124T1430209615_d_img_d18_12160_00000,IIRS,0.9167212247848511,True,False,0.010254000000003316
TMC-2_ch2_tmc_ncn_20211123T0119537815_d_img_d18_02816_00000,TMC-2,0.9528016448020935,False,False,3.155261842541905
TMC-2_ch2_tmc_ncn_20211122T1925079214_d_img_d18_08832_00000,TMC-2,0.9464666843414307,True,False,0.005127000000001658
TMC-2_ch2_tmc_ncn_20211122T1925079214_d_img_d18_09600_00000,TMC-2,0.9430948495864868,True,False,0.08715800000000229
TMC-2_ch2_tmc_nca_20240124T0838058366_d_img_d18_11520_00000,TMC-2,0.9579427242279053,False,False,2.313357001599415
IIRS_ch2_iir_nri_20210126T1349194455_d_img_d32_00128_00000,IIRS,0.9137527942657471,False,False,22.599598860749104
TMC-2_ch2_tmc_nca_20240124T0838058366_d_img_d18_11008_00000,TMC-2,0.9510694146156311,False,False,2.3369726272939118
TMC-2_ch2_tmc_ncn_20211122T1925079214_d_img_d18_06144_00000,TMC-2,0.9508944749832153,False,False,3.1574932152737776
TMC-2_ch2_tmc_ncf_20211122T2321361810_d_img_d18_10624_00000,TMC-2,0.9593533277511597,True,False,0.005127000000001658
LRONAC_quickmap-lroc_00000_00256,LRO NAC,0.9773005247116089,True,False,
IIRS_ch2_iir_nri_20210126T1349194455_d_img_d32_03584_00000,IIRS,0.9405080080032349,True,False,0.0037839999999995655
IIRS_ch2_iir_nri_20240124T1430209615_d_img_d18_05632_00000,IIRS,0.9339014291763306,True,False,0.010254000000003316
IIRS_ch2_iir_nri_20210126T1349194455_d_img_d32_09472_00000,IIRS,0.9314601421356201,True,False,0.007569000000000159
IIRS_ch2_iir_nri_20240124T1430209615_d_img_d18_07296_00000,IIRS,0.9279463291168213,True,False,0.010254000000003316
TMC-2_ch2_tmc_nca_20240124T0838058366_d_img_d18_03456_00000,TMC-2,0.9736367464065552,True,False,0.03247100000000103
IIRS_ch2_iir_nri_20240124T1430209615_d_img_d18_02560_00000,IIRS,0.93007493019104,True,False,0.09228499999999684
TMC-2_ch2_tmc_ncf_20260701T0716265753_d_img_d18_06642_00000,TMC-2,0.9405206441879272,True,False,0.008262999999999465
LRONAC_quickmap-lroc_00000_00000,LRO NAC,0.9689046740531921,True,False,
TMC-2_ch2_tmc_nca_20240124T0838058366_d_img_d18_11392_00000,TMC-2,0.9470480680465698,False,False,2.333320802960668
LRONAC_quickmap-lroc_00000_00512,LRO NAC,0.9706132411956787,True,False,
TMC-2_ch2_tmc_ncn_20211123T0119537815_d_img_d18_04352_00000,TMC-2,0.9301307201385498,True,False,0.015380000000000393
TMC-2_ch2_tmc_ncn_20211122T1925079214_d_img_d18_03584_00000,TMC-2,0.9632124304771423,True,False,0.0974119999999985
IIRS_ch2_iir_nri_20240124T1430209615_d_img_d18_07168_00000,IIRS,0.9360660314559937,True,False,0.005127000000001658
IIRS_ch2_iir_nri_20210126T1349194455_d_img_d32_09600_00000,IIRS,0.9493671655654907,True,False,0.0037839999999995655
TMC-2_ch2_tmc_ncf_20260701T0716265753_d_img_d18_03712_00000,TMC-2,0.9353765249252319,True,False,0.1484489999999994
TMC-2_ch2_tmc_ncf_20211122T2123225722_d_img_d18_05888_00000,TMC-2,0.9431196451187134,False,False,2.2461705040748816
TMC-2_ch2_tmc_ncf_20211122T2123225722_d_img_d18_09856_00000,TMC-2,0.9473939538002014,True,False,0.06665100000000024
IIRS_ch2_iir_nri_20210126T1349194455_d_img_d32_13696_00000,IIRS,0.9555988311767578,True,False,0.007569000000000159
IIRS_ch2_iir_nri_20240124T1430209615_d_img_d18_09344_00000,IIRS,0.9134527444839478,True,False,0.005126999999994553
IIRS_ch2_iir_nri_20210126T1349194455_d_img_d32_13056_00000,IIRS,0.9719165563583374,True,False,0.0037839999999995655
TMC-2_ch2_tmc_ncf_20211122T2321361810_d_img_d18_02688_00000,TMC-2,0.9500664472579956,False,False,2.466028570722148
TMC-2_ch2_tmc_ncf_20260701T0716265753_d_img_d18_04608_00000,TMC-2,0.9288263320922852,True,False,0.009278000000001896
IIRS_ch2_iir_nri_20240124T1430209615_d_img_d18_00768_00000,IIRS,0.8792955875396729,True,False,0.005127000000001658
TMC-2_ch2_tmc_ncf_20211122T2123225722_d_img_d18_11392_00000,TMC-2,0.9619215130805969,False,False,2.3087311627437304
TMC-2_ch2_tmc_ncn_20211122T1925079214_d_img_d18_08576_00000,TMC-2,0.9371515512466431,False,False,1.5687590871545554
LRONAC_quickmap-lroc_00128_00000,LRO NAC,0.9647945761680603,True,False,
TMC-2_ch2_tmc_ncn_20211123T0119537815_d_img_d18_06784_00000,TMC-2,0.9522404670715332,False,False,2.65598592276274
TMC-2_ch2_tmc_nca_20240124T0838058366_d_img_d18_09984_00000,TMC-2,0.9129133820533752,True,False,0.004639000000004501
TMC-2_ch2_tmc_ncf_20211122T1925079181_d_img_d18_05888_00000,TMC-2,0.9594828486442566,False,False,1.830234788973808
TMC-2_ch2_tmc_ncf_20211122T2321361810_d_img_d18_12160_00000,TMC-2,0.9528141021728516,True,False,0.002683000000004654
TMC-2_ch2_tmc_ncf_20211122T1925079181_d_img_d18_09856_00000,TMC-2,0.9403017163276672,True,False,0.005126999999994553
IIRS_ch2_iir_nri_20210126T1349194455_d_img_d32_12288_00000,IIRS,0.9671182036399841,True,False,0.02270599999999945
TMC-2_ch2_tmc_ncf_20211122T2321361810_d_img_d18_08320_00000,TMC-2,0.9395005702972412,True,False,0.005127000000001658
TMC-2_ch2_tmc_nca_20240124T0838058366_d_img_d18_12288_00000,TMC-2,0.9516446590423584,True,False,0.004638999999997395
TMC-2_ch2_tmc_ncf_20260701T0716265753_d_img_d18_01024_00000,TMC-2,0.9145094752311707,True,False,0.18556099999999986
IIRS_ch2_iir_nri_20210126T1349194455_d_img_d32_05504_00000,IIRS,0.9624804854393005,True,False,0.12488099999999847
LRONAC_quickmap-lroc_00128_00925,LRO NAC,0.9876369833946228,True,False,
OHRC_ch2_ohr_ncp_20251010T0942085687_d_img_d18_00768_00000,OHRC,0.9293064475059509,False,False,64.6699682804039
TMC-2_ch2_tmc_ncn_20211122T1925079214_d_img_d18_00384_00000,TMC-2,0.9533746242523193,True,False,0.005127000000001658
TMC-2_ch2_tmc_ncf_20211122T2123225722_d_img_d18_11904_00000,TMC-2,0.9688414335250854,True,False,0.005126999999994553
IIRS_ch2_iir_nri_20240124T1430209615_d_img_d18_02944_00000,IIRS,0.9308940172195435,True,False,0.005127000000001658
TMC-2_ch2_tmc_ncf_20260701T0716265753_d_img_d18_01920_00000,TMC-2,0.9174640774726868,True,False,0.009278000000001896
TMC-2_ch2_tmc_ncn_20211123T0119537815_d_img_d18_12032_00000,TMC-2,0.9573540091514587,True,False,0.133301000000003
TMC-2_ch2_tmc_ncn_20211122T1925079214_d_img_d18_04864_00000,TMC-2,0.9566671848297119,True,False,0.015380999999997869
TMC-2_ch2_tmc_nca_20240124T0838058366_d_img_d18_10496_00000,TMC-2,0.9527485370635986,True,False,0.004639000000004501
TMC-2_ch2_tmc_nca_20240124T0838058366_d_img_d18_10368_00000,TMC-2,0.9544682502746582,True,False,0.04638700000000284
TMC-2_ch2_tmc_ncn_20211122T1925079214_d_img_d18_02688_00000,TMC-2,0.9446435570716858,False,False,3.154699009827869
TMC-2_ch2_tmc_ncf_20211122T2123225722_d_img_d18_01280_00000,TMC-2,0.951663613319397,True,False,0.005127000000001658
IIRS_ch2_iir_nri_20210126T1349194455_d_img_d32_11264_00000,IIRS,0.9658294916152954,True,False,0.06811700000000087
