pair,protocol,rmse_before_ecc_px,rmse_after_ecc_px,pixel_error_after_ecc_px,mean_alignment_error_px,ecc_applied,ecc_correlation,median_error_px,mean_error_px,target_lt_1px
ctl_OHRC_to_TMC-2,controlled,0.5811,0.6415,0.6415,0.610536,True,0.9706322550180663,0.2556,0.5164,MET
ctl_OHRC_to_LRO NAC,controlled,0.7328,0.3197,0.3197,0.484012,True,0.9808888116278315,0.2556,0.5164,MET
ctl_OHRC_to_IIRS,controlled,0.5199,0.8096,0.8096,0.648788,True,0.965079358782844,0.2556,0.5164,MET
ctl_TMC-2_to_LRO NAC,controlled,0.1588,0.2393,0.2393,0.19491,True,0.9803732097343146,0.2556,0.5164,MET
ctl_TMC-2_to_TMC-2,controlled,0.4442,0.2556,0.2556,0.336928,True,0.9854750589839695,0.2556,0.5164,MET
ctl_TMC-2_to_IIRS,controlled,0.3356,0.27,0.27,0.301031,True,0.9828419373883392,0.2556,0.5164,MET
scale_OHRC_to_TMC-2_x0.5,controlled,1.0471,1.3044,1.3044,1.168686,True,0.9516580978293354,0.2556,0.5164,MET
scale_OHRC_to_LRO NAC_x0.5,controlled,1.2873,1.1271,1.1271,1.204539,True,0.95362099380074,0.2556,0.5164,MET
scale_TMC-2_to_LRO NAC_x0.5,controlled,0.2721,0.1357,0.1357,0.192155,True,0.9415945662702762,0.2556,0.5164,MET
scale_TMC-2_to_IIRS_x0.5,controlled,0.3456,0.2507,0.2507,0.294347,True,0.9257221427723353,0.2556,0.5164,MET
scale_OHRC_to_TMC-2_x1.0,controlled,0.7454,0.7824,0.7824,0.763686,True,0.9656672474650855,0.2556,0.5164,MET
scale_OHRC_to_LRO NAC_x1.0,controlled,0.6835,0.2573,0.2573,0.419361,True,0.984025137294751,0.2556,0.5164,MET
scale_TMC-2_to_LRO NAC_x1.0,controlled,0.3052,0.2309,0.2309,0.265421,True,0.9784284848664141,0.2556,0.5164,MET
scale_TMC-2_to_IIRS_x1.0,controlled,0.5498,0.1915,0.1915,0.324503,True,0.9859924565308671,0.2556,0.5164,MET
scale_OHRC_to_TMC-2_x2.0,controlled,2.5898,0.2941,0.2941,0.872665,True,0.9782607237920328,0.2556,0.5164,MET
scale_OHRC_to_LRO NAC_x2.0,controlled,2.9974,0.312,0.312,0.967024,True,0.9774682432429893,0.2556,0.5164,MET
scale_TMC-2_to_LRO NAC_x2.0,controlled,84.0634,4.115,4.115,18.599034,True,0.9551229496131558,0.2556,0.5164,MET
sunbin_0-10_18_01900_00000,controlled,0.4128,0.175,0.175,0.268798,True,0.9897078470430818,0.2556,0.5164,MET
sunbin_0-10_18_00768_00000,controlled,1.9682,1.3417,1.3417,1.625038,True,0.9824404146052707,0.2556,0.5164,MET
sunbin_0-10_18_00896_00000,controlled,0.3074,0.1046,0.1046,0.179341,True,0.9911483029388553,0.2556,0.5164,MET
sunbin_0-10_18_01280_00000,controlled,0.1298,0.1505,0.1505,0.139732,True,0.9444305870410185,0.2556,0.5164,MET
sunbin_20-40_18_00512_00000,controlled,0.2503,0.2824,0.2824,0.265836,True,0.9835305811275763,0.2556,0.5164,MET
sunbin_20-40_18_06400_00000,controlled,0.9299,0.2243,0.2243,0.456661,True,0.9647038549255376,0.2556,0.5164,MET
sunbin_20-40_18_09344_00000,controlled,0.9537,0.3718,0.3718,0.595453,True,0.9803457181394075,0.2556,0.5164,MET
sunbin_20-40_18_02816_00000,controlled,1.222,0.1161,0.1161,0.376694,True,0.9785498949560467,0.2556,0.5164,MET
sunbin_40-60_18_00896_00000,controlled,0.2331,0.2416,0.2416,0.237344,True,0.980162419448336,0.2556,0.5164,MET
sunbin_40-60_18_05760_00000,controlled,0.197,0.1921,0.1921,0.194525,True,0.9658653327608351,0.2556,0.5164,MET
sunbin_40-60_18_05632_00000,controlled,0.2233,0.1714,0.1714,0.195638,True,0.9664090833757812,0.2556,0.5164,MET
sunbin_40-60_18_03200_00000,controlled,0.2486,0.0668,0.0668,0.128862,True,0.9687863203056812,0.2556,0.5164,MET
